[null,{"name":"Help","permissions":"NONE","restriction":"1","actions":[{"channel":"0","varName":"","message":"```\n!Help                   Lists available commands\n!request                Will send a music request to me\n```","storage":"0","varName2":"","name":"Send Message"}]},{"name":"SendRequest","permissions":"SEND_MESSAGES","restriction":"1","actions":[{"title":"Embed Message","author":"","color":"#ccff00","timestamp":"false","url":"http://www.google.com","authorIcon":"","imageUrl":"","thumbUrl":"","storage":"1","varName":"embed","name":"Create Embed Message"},{"storage":"1","varName":"embed","message":"This is an embed message.\n\nOne may add a description and/or multiple fields.\n\nUse \"Send Embed Description\" and \"Add Embed Field\" before sending the embed message in order to customize it!","name":"Set Embed Description"},{"storage":"1","varName":"embed","channel":"0","varName2":"","name":"Send Embed Message"},{"channel":"2","varName":"","message":"!request                      Will send me a music request (make sure it's a youtube link)","storage":"3","varName2":"SendRequest","name":"Send Message"}]},{"name":"SendImage","permissions":"NONE","restriction":"1","actions":[]},{"name":"SendEmoji","permissions":"NONE","restriction":"1","actions":[]},{"name":"UserInfo","permissions":"NONE","restriction":"1","actions":[]},{"name":"ChannelInfo","permissions":"NONE","restriction":"1","actions":[]},{"name":"RoleInfo","permissions":"NONE","restriction":"1","actions":[]},{"name":"Slap","permissions":"NONE","restriction":"1","actions":[]},{"name":"FlipCoin","permissions":"NONE","restriction":"1","actions":[{"storage":"1","varName":"result","min":"1","max":"2","name":"Generate Random Number"},{"storage":"1","varName":"result","comparison":"1","value":"1","iftrue":"0","iftrueVal":"","iffalse":"3","iffalseVal":"2","name":"Check Variable"},{"channel":"0","varName":"","message":"Heads","storage":"0","varName2":"","name":"Send Message"},{"name":"End Action Sequence"},{"channel":"0","varName":"","message":"Tails","storage":"0","varName2":"","name":"Send Message"}]},{"name":"GenNumber","permissions":"NONE","restriction":"1","actions":[{"condition":"0","comparison":"0","value":"2","iftrue":"3","iftrueVal":"2","iffalse":"0","iffalseVal":"","name":"Check Parameters"},{"channel":"0","varName":"","message":"```\nPlease insert a minimum and maximum value in order to use this command:\n!GetRandomNumber [min-value] [max-value]\n```","storage":"0","varName2":"","name":"Send Message"},{"name":"End Action Sequence"},{"info":"0","infoIndex":"1","storage":"1","varName":"min","name":"Store Command Params"},{"info":"0","infoIndex":"2","storage":"1","varName":"max","name":"Store Command Params"},{"storage":"1","varName":"result","min":"${tempVars(\"min\")}","max":"${tempVars(\"max\")}","name":"Generate Random Number"},{"channel":"0","varName":"","message":"The randomly generated value is: ${tempVars(\"result\")}!","storage":"0","varName2":"","name":"Send Message"}]},{"name":"Gold","permissions":"NONE","restriction":"1","actions":[]},{"name":"Gamble","permissions":"NONE","restriction":"1","actions":[]}]