[null,{"name":"WelcomeMessage","temp":"member","event-type":"6","actions":[{"channel":"4","varName":"","message":"Welcome ${tempVars(\"member\")}!","storage":"0","varName2":"","name":"Send Message"}]},{"name":"LeaveMessage","temp":"member","event-type":"7","actions":[{"channel":"4","varName":"","message":"${tempVars(\"member\")} left the server...","storage":"0","varName2":"","name":"Send Message"}]},{"name":"AutoResponse","temp":"msg","event-type":"2","actions":[{"message":"1","varName":"msg","info":"2","storage":"1","varName2":"text","name":"Store Message Info"},{"storage":"1","varName":"text","comparison":"6","value":"(hello|hey|hi)","iftrue":"0","iftrueVal":"","iffalse":"1","iffalseVal":"","name":"Check Variable"},{"message":"1","varName":"msg","info":"4","storage":"1","varName2":"channel","name":"Store Message Info"},{"channel":"5","varName":"channel","message":"Hello!","storage":"0","varName2":"","name":"Send Message"}]}]